Carro 1,56.65 
Carro 2,53.74 
Carro 3,49.06 
Carro 4,48.89 
Carro 5,56.01 
Carro 6,51.12 
Carro 7,52.86 
Carro 8,54.23 
Carro 9,52.39 
Carro 10,54.76 
Carro 1,56.65 
Carro 2,53.74 
Carro 3,49.06 
Carro 4,48.89 
Carro 5,56.01 
Carro 6,51.12 
Carro 1,56.65 
Carro 2,53.74 
Carro 3,49.06 
Carro 4,48.89 
Carro 5,56.01 
Carro 1,56.65 
Carro 2,53.74 
Carro 3,49.06 
Carro 4,48.89 
Carro 5,56.01 
Carro 6,51.12 
Carro 1,56.65 
Carro 2,53.74 
Carro 3,49.06 
Carro 4,48.89 
Carro 5,56.01 
Carro 6,51.12 
Carro 7,52.86 
Carro 8,54.23 
Carro 9,52.39 
Carro 1,56.65 
Carro 2,53.74 
Carro 3,49.06 
Carro 4,48.89 
Carro 5,56.01 
Carro 6,51.12 
Carro 7,52.86 
Carro 8,54.23 
Carro 9,52.39 
Carro 10,54.76 
Carro 11,16.69 
Carro 12,22.13 
Carro 13,27.55 
Carro 14,31.31 
Carro 15,35.56 
Carro 16,48.86 
Carro 17,50.03 
Carro 18,51.53 
Carro 19,48.87 
Carro 20,46.56 
Carro 21,43.53 
Carro 22,56.6 
Carro 23,53.87 
Carro 24,51.47 
Carro 25,55.25 
Carro 26,56.96 
Carro 27,56.86 
Carro 28,19.82 
Carro 29,23.44 
Carro 30,31.19 
Carro 31,34.92 
Carro 32,35.29 
Carro 33,36.7 
Carro 34,42.86 
Carro 35,46.37 
Carro 36,47.7 
Carro 37,47.98 
Carro 38,47.74 
Carro 39,50.88 
Carro 40,49.79 
Carro 41,53.69 
Carro 1,56.65 
Carro 2,53.74 
Carro 3,49.06 
Carro 4,48.89 
Carro 5,56.01 
Carro 1,56.65 
Carro 2,53.74 
Carro 3,49.06 
Carro 4,48.89 
Carro 5,56.01 
Carro 1,56.65 
Carro 2,53.74 
Carro 3,49.06 
Carro 4,48.89 
Carro 5,56.01 
Carro 6,51.12 
Carro 1,56.65 
Carro 2,53.74 
Carro 3,49.06 
Carro 4,48.89 
Carro 5,56.01 
Carro 6,51.12 
Carro 7,52.86 
Carro 8,54.23 
Carro 9,52.39 
Carro 10,54.76 
Carro 11,16.69 
Carro 12,22.13 
Carro 13,27.55 
Carro 14,31.31 
Carro 15,35.56 
Carro 16,48.86 
Carro 17,50.03 
Carro 18,51.53 
Carro 19,48.87 
Carro 20,43.53 
Carro 21,56.6 
Carro 22,53.87 
Carro 23,51.47 
Carro 24,55.25 
Carro 25,56.96 
Carro 26,56.86 
Carro 27,19.82 
Carro 28,23.44 
Carro 29,31.19 
Carro 30,34.92 
Carro 31,35.29 
Carro 32,36.7 
Carro 33,42.86 
Carro 34,46.37 
Carro 35,47.7 
Carro 36,47.98 
Carro 37,47.74 
Carro 38,50.88 
Carro 39,49.79 
Carro 40,53.69 
Carro 1,56.65 
Carro 2,53.74 
Carro 1,56.65 
Carro 2,53.74 
Carro 3,49.06 
Carro 4,48.89 
Carro 5,56.01 
Carro 6,51.12 
Carro 7,52.86 
Carro 8,54.23 
Carro 9,52.39 
Carro 1,56.65 
Carro 2,53.74 
Carro 3,49.06 
Carro 4,48.89 
Carro 5,56.01 
Carro 6,51.12 
Carro 7,52.86 
Carro 8,54.23 
Carro 9,52.39 
Carro 10,54.76 
Carro 11,16.69 
Carro 12,22.13 
Carro 13,27.55 
Carro 14,31.31 
Carro 15,35.56 
Carro 16,48.86 
Carro 17,50.03 
Carro 18,51.53 
Carro 19,48.87 
Carro 20,43.53 
Carro 21,56.6 
Carro 22,53.87 
Carro 23,51.47 
Carro 24,55.25 
Carro 25,56.96 
Carro 26,56.86 
Carro 27,19.82 
Carro 28,23.44 
Carro 29,31.19 
Carro 30,34.92 
Carro 31,35.29 
Carro 1,56.65 
Carro 2,53.74 
Carro 3,49.06 
Carro 4,48.89 
Carro 5,56.01 
Carro 6,51.12 
Carro 7,52.86 
Carro 8,54.23 
Carro 9,52.39 
Carro 10,54.76 
Carro 1,56.65 
Carro 2,53.74 
Carro 1,56.65 
Carro 2,53.74 
Carro 3,49.06 
Carro 4,48.89 
Carro 5,56.01 
Carro 6,51.12 
Carro 7,52.86 
Carro 8,54.23 
Carro 9,52.39 
Carro 10,54.76 
Carro 1,56.65 
Carro 2,53.74 
Carro 1,56.65 
Carro 2,53.74 
Carro 3,49.06 
Carro 4,48.89 
Carro 5,56.01 
Carro 6,51.12 
Carro 7,52.86 
Carro 8,54.23 
Carro 9,52.39 
Carro 10,54.76 
Carro 11,16.69 
Carro 12,22.13 
Carro 13,27.55 
Carro 14,31.31 
Carro 15,35.56 
Carro 16,48.86 
Carro 17,50.03 
Carro 18,51.53 
Carro 19,48.87 
Carro 20,46.56 
Carro 21,43.53 
Carro 22,56.6 
Carro 23,53.87 
Carro 24,51.47 
Carro 25,55.25 
Carro 26,56.96 
Carro 27,56.86 
Carro 28,19.82 
Carro 29,23.44 
Carro 30,31.19 
Carro 31,34.92 
Carro 32,35.29 
Carro 33,36.7 
Carro 34,42.86 
Carro 35,46.37 
Carro 36,47.7 
Carro 37,47.98 
Carro 38,47.74 
Carro 39,50.88 
Carro 40,49.79 
Carro 41,53.69 
Carro 1,56.65 
Carro 2,53.74 
Carro 3,49.06 
Carro 4,48.89 
Carro 5,56.01 
Carro 6,51.12 
Carro 7,52.86 
Carro 8,54.23 
Carro 9,52.39 
Carro 10,54.76 
Carro 11,16.69 
Carro 12,22.13 
Carro 13,27.55 
Carro 14,31.31 
Carro 15,35.56 
Carro 16,48.86 
Carro 17,50.03 
Carro 18,51.53 
Carro 19,48.87 
Carro 20,46.56 
Carro 21,43.53 
Carro 22,56.6 
Carro 23,53.87 
Carro 24,51.47 
Carro 25,55.25 
Carro 26,56.96 
Carro 27,56.86 
Carro 28,19.82 
Carro 29,23.44 
Carro 30,31.19 
Carro 31,34.92 
Carro 32,35.29 
Carro 33,36.7 
Carro 34,42.86 
Carro 35,46.37 
Carro 36,47.7 
Carro 37,47.98 
Carro 38,47.74 
Carro 39,50.88 
Carro 40,49.79 
Carro 41,53.69 
Carro 1,56.65 
Carro 2,53.74 
Carro 3,49.06 
Carro 4,48.89 
Carro 5,56.01 
Carro 6,51.12 
Carro 1,56.65 
Carro 2,53.74 
Carro 3,49.06 
Carro 4,48.89 
Carro 5,56.01 
Carro 6,51.12 
Carro 7,52.86 
Carro 8,54.23 
Carro 9,52.39 
Carro 10,54.76 
Carro 11,16.69 
Carro 12,22.13 
Carro 13,27.55 
Carro 14,31.31 
Carro 15,35.56 
Carro 1,56.65 
Carro 2,53.74 
Carro 3,49.06 
Carro 4,48.89 
Carro 5,56.01 
Carro 6,51.12 
Carro 7,52.86 
Carro 8,54.23 
Carro 9,52.39 
Carro 10,54.76 
Carro 11,16.69 
Carro 12,22.13 
Carro 13,27.55 
Carro 14,31.31 
Carro 15,35.56 
Carro 16,48.86 
Carro 17,50.03 
Carro 18,51.53 
Carro 19,48.87 
Carro 20,46.56 
Carro 21,43.53 
Carro 22,56.6 
Carro 23,53.87 
Carro 1,56.65 
Carro 2,53.74 
Carro 3,49.06 
Carro 4,48.89 
Carro 5,56.01 
Carro 6,51.12 
Carro 1,56.65 
Carro 2,53.74 
Carro 3,49.06 
Carro 4,48.89 
Carro 5,56.01 
Carro 6,51.12 
Carro 7,52.86 
Carro 8,54.23 
Carro 9,52.39 
Carro 10,54.76 
Carro 11,16.69 
Carro 12,22.13 
Carro 13,27.55 
Carro 14,31.31 
Carro 15,35.56 
Carro 16,48.86 
Carro 17,50.03 
Carro 18,51.53 
Carro 19,48.87 
Carro 20,46.56 
Carro 21,43.53 
Carro 22,56.6 
Carro 23,53.87 
Carro 24,51.47 
Carro 1,56.65 
Carro 2,53.74 
Carro 3,49.06 
Carro 4,48.89 
Carro 5,56.01 
Carro 6,51.12 
Carro 1,56.65 
Carro 2,53.74 
Carro 3,49.06 
Carro 4,48.89 
Carro 1,56.65 
Carro 2,53.74 
Carro 3,49.06 
Carro 4,48.89 
Carro 5,56.01 
Carro 6,51.12 
Carro 7,52.86 
Carro 8,54.23 
Carro 9,52.39 
Carro 10,54.76 
Carro 1,56.65 
Carro 2,53.74 
Carro 3,49.06 
Carro 4,48.89 
Carro 5,56.01 
Carro 6,51.12 
Carro 7,52.86 
Carro 8,54.23 
Carro 9,52.39 
Carro 10,54.76 
Carro 1,56.65 
Carro 2,53.74 
Carro 3,49.06 
Carro 4,48.89 
Carro 5,56.01 
Carro 6,51.12 
Carro 1,56.65 
Carro 2,53.74 
Carro 3,49.06 
Carro 4,48.89 
Carro 5,56.01 
Carro 6,51.12 
Carro 7,52.86 
Carro 8,54.23 
Carro 9,52.39 
Carro 10,54.76 
Carro 1,56.65 
Carro 2,53.74 
Carro 3,49.06 
Carro 4,48.89 
Carro 5,56.01 
Carro 6,51.12 
Carro 7,52.86 
Carro 8,54.23 
Carro 9,52.39 
Carro 10,54.76 
Carro 1,56.65 
Carro 2,53.74 
Carro 3,49.06 
Carro 4,48.89 
Carro 5,56.01 
Carro 6,51.12 
Carro 7,52.86 
Carro 8,54.23 
Carro 9,52.39 
Carro 10,54.76 
Carro 1,56.65 
Carro 2,53.74 
Carro 3,49.06 
Carro 4,48.89 
Carro 5,56.01 
Carro 6,51.12 
Carro 7,52.86 
Carro 8,54.23 
Carro 9,52.39 
Carro 10,54.76 
Carro 11,16.69 
Carro 12,22.13 
Carro 13,27.55 
Carro 14,31.31 
Carro 15,35.56 
Carro 16,48.86 
Carro 17,50.03 
Carro 18,51.53 
Carro 19,48.87 
Carro 20,46.56 
Carro 21,43.53 
Carro 22,56.6 
Carro 23,53.87 
Carro 24,51.47 
Carro 25,55.25 
Carro 26,56.96 
Carro 27,56.86 
Carro 1,56.65 
Carro 2,53.74 
Carro 3,49.06 
Carro 4,48.89 
Carro 5,56.01 
Carro 6,51.12 
Carro 7,52.86 
Carro 8,54.23 
Carro 9,52.39 
Carro 10,54.76 
Carro 1,56.65 
Carro 2,53.74 
Carro 1,56.65 
Carro 2,53.74 
Carro 1,56.65 
Carro 2,53.74 
Carro 3,49.06 
Carro 4,48.89 
Carro 5,56.01 
Carro 6,51.12 
Carro 7,52.86 
Carro 8,54.23 
Carro 9,52.39 
Carro 10,54.76 
Carro 1,56.65 
Carro 2,53.74 
Carro 3,49.06 
Carro 4,48.89 
Carro 5,56.01 
Carro 6,51.12 
Carro 7,52.86 
Carro 8,54.23 
Carro 9,52.39 
Carro 10,54.76 
Carro 1,56.65 
Carro 2,53.74 
Carro 3,49.06 
Carro 4,48.89 
Carro 1,56.65 
Carro 2,53.74 
Carro 3,49.06 
Carro 4,48.89 
Carro 1,56.65 
Carro 2,53.74 
Carro 3,49.06 
Carro 4,48.89 
Carro 5,56.01 
Carro 6,51.12 
Carro 7,52.86 
Carro 8,54.23 
Carro 9,52.39 
Carro 10,54.76 
Carro 1,56.65 
Carro 2,53.74 
Carro 3,49.06 
Carro 4,48.89 
Carro 5,56.01 
Carro 6,51.12 
Carro 1,56.65 
Carro 2,53.74 
Carro 3,49.06 
Carro 4,48.89 
Carro 5,56.01 
Carro 6,51.12 
Carro 1,56.65 
Carro 2,53.74 
Carro 3,49.06 
Carro 4,48.89 
Carro 5,56.01 
Carro 1,56.65 
Carro 2,53.74 
Carro 1,56.65 
Carro 2,53.74 
Carro 1,56.65 
Carro 2,53.74 
Carro 1,56.65 
Carro 2,53.74 
Carro 3,49.06 
Carro 4,48.89 
Carro 5,56.01 
Carro 6,51.12 
Carro 7,52.86 
Carro 8,54.23 
Carro 9,52.39 
Carro 10,54.76 
Carro 1,56.65 
Carro 2,53.74 
Carro 3,49.06 
Carro 4,48.89 
Carro 5,56.01 
Carro 6,51.12 
Carro 1,56.65 
Carro 2,53.74 
Carro 3,49.06 
Carro 4,48.89 
Carro 5,56.01 
Carro 6,51.12 
Carro 7,52.86 
Carro 8,54.23 
Carro 9,52.39 
Carro 10,54.76 
Carro 1,56.65 
Carro 2,53.74 
Carro 1,56.65 
Carro 1,56.65 
Carro 1,56.65 
Carro 2,53.74 
Carro 1,56.65 
Carro 1,56.65 
Carro 2,53.74 
Carro 3,49.06 
Carro 4,48.89 
Carro 5,56.01 
Carro 6,51.12 
Carro 7,52.86 
Carro 8,54.23 
Carro 9,52.39 
Carro 10,54.76 
Carro 11,16.69 
Carro 12,22.13 
Carro 13,27.55 
Carro 14,31.31 
Carro 15,35.56 
Carro 16,48.86 
Carro 17,50.03 
Carro 18,51.53 
Carro 19,48.87 
Carro 20,46.56 
Carro 21,43.53 
Carro 22,56.6 
Carro 23,53.87 
Carro 24,51.47 
Carro 25,55.25 
Carro 26,56.96 
Carro 27,56.86 
Carro 28,19.82 
Carro 29,23.44 
Carro 30,31.19 
Carro 31,34.92 
Carro 32,35.29 
Carro 33,36.7 
Carro 34,42.86 
Carro 35,46.37 
Carro 36,47.7 
Carro 37,47.98 
Carro 38,47.74 
Carro 1,56.65 
Carro 2,53.74 
Carro 1,56.65 
Carro 1,56.65 
Carro 2,53.74 
Carro 1,56.65 
Carro 1,56.65 
Carro 2,53.74 
Carro 3,49.06 
Carro 4,48.89 
Carro 5,56.01 
Carro 6,51.12 
Carro 7,52.86 
Carro 8,54.23 
Carro 1,56.65 
Carro 2,53.74 
Carro 3,49.06 
Carro 4,48.89 
Carro 5,56.01 
Carro 6,51.12 
Carro 7,52.86 
Carro 8,54.23 
Carro 9,52.39 
Carro 10,54.76 
Carro 1,56.65 
Carro 2,53.74 
Carro 3,49.06 
Carro 4,48.89 
Carro 5,56.01 
Carro 6,51.12 
Carro 1,56.65 
Carro 2,53.74 
Carro 3,49.06 
Carro 4,48.89 
Carro 5,56.01 
Carro 6,51.12 
Carro 7,52.86 
Carro 8,54.23 
Carro 9,52.39 
Carro 10,54.76 
Carro 11,16.69 
Carro 12,22.13 
Carro 13,27.55 
Carro 14,31.31 
Carro 15,35.56 
Carro 1,56.65 
Carro 2,53.74 
Carro 3,49.06 
Carro 4,48.89 
Carro 1,56.65 
Carro 2,53.74 
Carro 1,56.65 
Carro 2,53.74 
Carro 3,49.06 
Carro 1,56.65 
Carro 2,53.74 
Carro 3,49.06 
Carro 4,48.89 
Carro 5,56.01 
Carro 6,51.12 
Carro 7,52.86 
Carro 8,54.23 
Carro 9,52.39 
Carro 10,54.76 
Carro 11,16.69 
Carro 12,22.13 
Carro 13,27.55 
Carro 14,31.31 
Carro 15,35.56 
Carro 16,48.86 
Carro 17,50.03 
Carro 1,45.83 
Carro 2,40.57 
Carro 3,42.32 
Carro 4,46.9 
Carro 5,47.05 
Carro 6,43.57 
Carro 7,45.66 
Carro 8,47.53 
Carro 9,45.25 
Carro 10,44.3 
Carro 11,16.38 
Carro 12,25.64 
Carro 13,32.59 
Carro 14,33.25 
Carro 15,31.77 
Carro 16,35.26 
Carro 1,56.65 
Carro 2,53.74 
Carro 3,49.06 
Carro 4,48.89 
Carro 5,56.01 
Carro 6,51.12 
Carro 7,52.86 
Carro 8,54.23 
Carro 9,52.39 
Carro 10,54.76 
Carro 11,16.69 
Carro 12,22.13 
Carro 13,27.55 
Carro 14,31.31 
Carro 15,35.56 
Carro 16,48.86 
Carro 17,50.03 
Carro 18,51.53 
Carro 1,56.65 
Carro 2,53.74 
Carro 3,49.06 
Carro 4,48.89 
Carro 5,56.01 
Carro 6,51.12 
Carro 7,52.86 
Carro 8,54.23 
Carro 9,52.39 
Carro 10,54.76 
Carro 1,56.65 
Carro 2,53.74 
Carro 3,49.06 
Carro 4,48.89 
Carro 5,56.01 
Carro 6,51.12 
Carro 1,56.65 
Carro 2,53.74 
Carro 3,49.06 
Carro 4,48.89 
Carro 5,56.01 
Carro 6,51.12 
Carro 7,52.86 
Carro 8,54.23 
Carro 9,52.39 
Carro 10,54.76 
Carro 11,16.69 
Carro 12,22.13 
Carro 13,27.55 
Carro 14,31.31 
Carro 15,35.56 
Carro 16,48.86 
Carro 17,50.03 
Carro 1,56.65 
Carro 2,53.74 
Carro 1,56.65 
Carro 2,53.74 
Carro 1,56.65 
Carro 1,56.65 
Carro 2,53.74 
Carro 3,49.06 
Carro 4,48.89 
Carro 5,56.01 
Carro 6,51.12 
Carro 1,56.65 
Carro 2,53.74 
Carro 3,49.06 
Carro 4,48.89 
Carro 5,56.01 
Carro 1,56.65 
Carro 2,53.74 
Carro 3,49.06 
Carro 4,48.89 
Carro 5,56.01 
Carro 1,56.65 
Carro 2,53.74 
Carro 1,56.65 
Carro 2,53.74 
Carro 3,49.06 
Carro 1,56.65 
Carro 2,53.74 
Carro 3,49.06 
Carro 4,48.89 
Carro 5,56.01 
Carro 1,56.65 
Carro 2,53.74 
Carro 3,49.06 
Carro 4,48.89 
Carro 5,56.01 
Carro 6,51.12 
Carro 1,56.65 
Carro 2,53.74 
Carro 3,49.06 
Carro 4,48.89 
Carro 5,56.01 
Carro 6,51.12 
Carro 7,52.86 
Carro 8,54.23 
Carro 9,52.39 
Carro 10,54.76 
Carro 1,56.65 
Carro 1,56.65 
Carro 2,53.74 
Carro 3,49.06 
Carro 4,48.89 
Carro 5,56.01 
Carro 6,51.12 
Carro 7,52.86 
Carro 8,54.23 
Carro 9,52.39 
Carro 10,54.76 
Carro 1,56.65 
Carro 2,53.74 
Carro 3,49.06 
Carro 4,48.89 
Carro 5,56.01 
Carro 6,51.12 
Carro 7,52.86 
Carro 8,54.23 
Carro 9,52.39 
Carro 10,54.76 
Carro 11,16.69 
Carro 1,56.65 
Carro 2,53.74 
Carro 1,56.65 
Carro 2,53.74 
Carro 3,49.06 
Carro 4,48.89 
Carro 5,56.01 
Carro 6,51.12 
Carro 7,52.86 
Carro 8,54.23 
Carro 9,52.39 
Carro 10,54.76 
Carro 1,56.65 
Carro 2,53.74 
Carro 3,49.06 
Carro 4,48.89 
Carro 5,56.01 
Carro 6,51.12 
Carro 7,52.86 
Carro 8,54.23 
Carro 9,52.39 
Carro 10,54.76 
Carro 1,56.65 
Carro 2,53.74 
Carro 3,49.06 
Carro 4,48.89 
Carro 5,56.01 
Carro 6,51.12 
Carro 7,52.86 
Carro 8,54.23 
Carro 9,52.39 
Carro 10,54.76 
Carro 1,56.65 
Carro 2,53.74 
Carro 3,49.06 
Carro 4,48.89 
Carro 5,56.01 
Carro 6,51.12 
Carro 7,52.86 
Carro 8,54.23 
Carro 9,52.39 
Carro 10,54.76 
Carro 1,56.65 
Carro 2,53.74 
Carro 3,49.06 
Carro 4,48.89 
Carro 5,56.01 
Carro 6,51.12 
Carro 7,52.86 
Carro 8,54.23 
Carro 9,52.39 
Carro 10,54.76 
Carro 1,56.65 
Carro 2,53.74 
Carro 3,49.06 
Carro 4,48.89 
Carro 5,56.01 
Carro 6,51.12 
Carro 1,56.65 
Carro 2,53.74 
Carro 3,49.06 
Carro 4,48.89 
Carro 5,56.01 
Carro 6,51.12 
Carro 1,56.65 
Carro 2,53.74 
Carro 3,49.06 
Carro 4,48.89 
Carro 5,56.01 
Carro 6,51.12 
Carro 7,52.86 
Carro 8,54.23 
Carro 9,52.39 
Carro 10,54.76 
Carro 11,16.69 
Carro 12,22.13 
Carro 13,27.55 
Carro 14,31.31 
Carro 15,35.56 
Carro 16,48.86 
Carro 17,50.03 
Carro 18,51.53 
Carro 19,48.87 
Carro 20,46.56 
Carro 21,43.53 
Carro 1,56.65 
Carro 2,53.74 
Carro 3,49.06 
Carro 4,48.89 
Carro 5,56.01 
Carro 6,51.12 
Carro 7,52.86 
Carro 1,56.65 
Carro 2,53.74 
Carro 3,49.06 
Carro 4,48.89 
Carro 5,56.01 
Carro 1,56.65 
Carro 2,53.74 
Carro 1,56.65 
Carro 2,53.74 
Carro 3,49.06 
Carro 4,48.89 
Carro 5,56.01 
Carro 1,56.65 
Carro 2,53.74 
Carro 3,49.06 
Carro 4,48.89 
Carro 5,56.01 
Carro 6,51.12 
Carro 7,52.86 
Carro 8,54.23 
Carro 9,52.39 
Carro 10,54.76 
Carro 11,16.69 
Carro 12,22.13 
Carro 13,27.55 
Carro 14,31.31 
Carro 15,35.56 
Carro 16,48.86 
Carro 17,50.03 
Carro 18,51.53 
Carro 19,48.87 
Carro 20,46.56 
Carro 21,43.53 
Carro 22,56.6 
Carro 23,53.87 
Carro 24,51.47 
Carro 25,55.25 
Carro 26,56.96 
Carro 27,56.86 
Carro 28,19.82 
Carro 29,23.44 
Carro 30,31.19 
Carro 31,34.92 
Carro 32,35.29 
Carro 33,36.7 
Carro 34,42.86 
Carro 35,46.37 
Carro 36,47.7 
Carro 37,47.98 
Carro 38,47.74 
Carro 39,50.88 
Carro 40,49.79 
Carro 41,53.69 
Carro 1,56.65 
Carro 2,53.74 
Carro 1,56.65 
Carro 2,53.74 
Carro 1,56.65 
Carro 2,53.74 
Carro 1,56.65 
Carro 2,53.74 
Carro 1,56.65 
Carro 2,53.74 
Carro 3,49.06 
Carro 4,48.89 
Carro 5,56.01 
Carro 6,51.12 
Carro 1,56.65 
Carro 2,53.74 
Carro 3,49.06 
Carro 4,48.89 
Carro 5,56.01 
Carro 6,51.12 
Carro 7,52.86 
Carro 8,54.23 
Carro 9,52.39 
Carro 10,54.76 
Carro 11,16.69 
Carro 12,22.13 
Carro 13,27.55 
Carro 14,31.31 
Carro 15,35.56 
Carro 16,48.86 
Carro 17,50.03 
Carro 18,51.53 
Carro 19,48.87 
Carro 20,46.56 
Carro 21,43.53 
Carro 22,56.6 
Carro 23,53.87 
Carro 24,51.47 
Carro 25,55.25 
Carro 26,56.96 
Carro 27,56.86 
Carro 1,56.65 
Carro 2,53.74 
Carro 3,49.06 
Carro 4,48.89 
Carro 5,56.01 
Carro 6,51.12 
Carro 7,52.86 
Carro 8,54.23 
Carro 9,52.39 
Carro 10,54.76 
Carro 11,16.69 
Carro 12,22.13 
Carro 13,27.55 
Carro 14,31.31 
Carro 15,35.56 
Carro 16,48.86 
Carro 17,50.03 
Carro 18,51.53 
Carro 19,48.87 
Carro 20,46.56 
Carro 21,43.53 
Carro 22,56.6 
Carro 23,53.87 
Carro 24,51.47 
Carro 25,55.25 
Carro 26,56.96 
Carro 27,56.86 
Carro 28,19.82 
Carro 29,23.44 
Carro 30,31.19 
Carro 31,34.92 
Carro 32,35.29 
Carro 33,36.7 
Carro 34,42.86 
Carro 35,46.37 
Carro 36,47.7 
Carro 37,47.98 
Carro 38,47.74 
Carro 39,50.88 
Carro 40,49.79 
Carro 41,53.69 
Carro 1,56.65 
Carro 2,53.74 
Carro 3,49.06 
Carro 4,48.89 
Carro 5,56.01 
Carro 6,51.12 
Carro 7,52.86 
Carro 8,54.23 
Carro 9,52.39 
Carro 10,54.76 
Carro 11,16.69 
Carro 12,22.13 
Carro 13,27.55 
Carro 14,31.31 
Carro 15,35.56 
Carro 16,48.86 
Carro 17,50.03 
Carro 18,51.53 
Carro 19,48.87 
Carro 20,43.53 
Carro 21,56.6 
Carro 22,53.87 
Carro 23,51.47 
Carro 24,55.25 
Carro 25,56.96 
Carro 26,56.86 
Carro 1,56.65 
Carro 2,53.74 
Carro 3,49.06 
Carro 4,48.89 
Carro 5,56.01 
Carro 6,51.12 
Carro 1,56.65 
Carro 2,53.74 
Carro 3,49.06 
Carro 4,48.89 
Carro 5,56.01 
Carro 6,51.12 
Carro 7,52.86 
Carro 8,54.23 
Carro 9,52.39 
Carro 10,54.76 
Carro 11,27.55 
Carro 12,31.31 
Carro 13,35.56 
Carro 14,48.86 
Carro 15,50.03 
Carro 16,51.53 
Carro 17,48.87 
Carro 18,46.56 
Carro 19,43.53 
Carro 20,56.6 
Carro 21,53.87 
Carro 22,51.47 
Carro 23,55.25 
Carro 24,56.96 
Carro 25,56.86 
Carro 1,56.65 
Carro 2,53.74 
Carro 3,49.06 
Carro 4,48.89 
Carro 5,56.01 
Carro 6,51.12 
Carro 7,52.86 
Carro 8,54.23 
Carro 9,52.39 
Carro 10,54.76 
Carro 1,56.65 
Carro 2,53.74 
Carro 3,49.06 
Carro 4,48.89 
Carro 5,56.01 
Carro 6,51.12 
Carro 1,56.65 
Carro 2,53.74 
Carro 3,49.06 
Carro 4,48.89 
Carro 5,56.01 
Carro 1,56.65 
Carro 2,53.74 
Carro 3,49.06 
Carro 4,48.89 
Carro 5,56.01 
Carro 6,51.12 
Carro 7,52.86 
Carro 8,54.23 
Carro 9,52.39 
Carro 10,54.76 
Carro 1,56.65 
Carro 2,53.74 
Carro 3,49.06 
Carro 4,48.89 
Carro 5,56.01 
Carro 6,51.12 
Carro 1,56.65 
Carro 1,56.65 
Carro 2,53.74 
Carro 3,49.06 
Carro 4,48.89 
Carro 5,56.01 
Carro 6,51.12 
Carro 7,52.86 
Carro 8,54.23 
Carro 9,52.39 
Carro 10,54.76 
Carro 1,56.65 
Carro 2,53.74 
Carro 1,56.65 
Carro 2,53.74 
Carro 1,56.65 
Carro 2,53.74 
Carro 3,49.06 
Carro 4,48.89 
Carro 5,56.01 
Carro 6,51.12 
Carro 7,52.86 
Carro 8,54.23 
Carro 9,52.39 
Carro 10,54.76 
Carro 1,56.65 
Carro 2,53.74 
Carro 3,49.06 
Carro 4,48.89 
Carro 5,56.01 
Carro 6,51.12 
Carro 7,52.86 
Carro 8,54.23 
Carro 9,52.39 
Carro 10,54.76 
Carro 1,56.65 
Carro 2,53.74 
Carro 1,56.65 
Carro 2,53.74 
Carro 3,49.06 
Carro 4,48.89 
Carro 5,56.01 
Carro 6,51.12 
Carro 7,52.86 
Carro 8,54.23 
Carro 9,52.39 
Carro 10,54.76 
Carro 11,16.69 
Carro 12,22.13 
Carro 13,27.55 
Carro 14,31.31 
Carro 15,35.56 
Carro 1,56.65 
Carro 2,53.74 
Carro 3,49.06 
Carro 4,48.89 
Carro 5,56.01 
Carro 6,51.12 
Carro 1,56.65 
Carro 2,53.74 
Carro 3,49.06 
Carro 4,48.89 
Carro 5,56.01 
Carro 6,51.12 
Carro 1,56.65 
Carro 2,53.74 
Carro 3,49.06 
Carro 4,48.89 
Carro 5,56.01 
Carro 6,51.12 
Carro 7,52.86 
Carro 8,54.23 
Carro 9,52.39 
Carro 1,56.65 
Carro 2,53.74 
Carro 3,49.06 
Carro 4,48.89 
Carro 5,56.01 
Carro 1,56.65 
Carro 2,53.74 
Carro 3,49.06 
Carro 4,48.89 
Carro 5,56.01 
Carro 1,56.65 
Carro 2,53.74 
Carro 3,49.06 
Carro 4,48.89 
Carro 1,56.65 
Carro 2,53.74 
Carro 1,56.65 
Carro 2,53.74 
Carro 3,49.06 
Carro 4,48.89 
Carro 5,56.01 
Carro 1,56.65 
Carro 2,53.74 
Carro 3,49.06 
Carro 1,56.65 
Carro 2,53.74 
Carro 3,49.06 
Carro 4,48.89 
Carro 5,56.01 
Carro 6,51.12 
Carro 7,52.86 
Carro 8,54.23 
Carro 9,52.39 
Carro 10,54.76 
Carro 11,16.69 
Carro 12,22.13 
Carro 13,27.55 
Carro 14,31.31 
Carro 15,35.56 
Carro 16,48.86 
Carro 17,50.03 
Carro 18,51.53 
Carro 19,48.87 
Carro 20,46.56 
Carro 21,43.53 
Carro 22,56.6 
Carro 23,53.87 
Carro 24,51.47 
Carro 25,55.25 
Carro 26,56.96 
Carro 27,56.86 
Carro 1,56.65 
Carro 2,53.74 
Carro 3,49.06 
Carro 4,48.89 
Carro 1,56.65 
Carro 2,53.74 
Carro 3,49.06 
Carro 4,48.89 
Carro 5,56.01 
Carro 6,51.12 
Carro 7,52.86 
Carro 1,56.65 
Carro 2,53.74 
Carro 3,49.06 
Carro 4,48.89 
Carro 5,56.01 
Carro 1,56.65 
Carro 2,53.74 
Carro 3,49.06 
Carro 1,56.65 
Carro 2,53.74 
Carro 3,49.06 
Carro 4,48.89 
Carro 5,56.01 
Carro 1,56.65 
Carro 2,53.74 
Carro 3,49.06 
Carro 4,48.89 
Carro 1,56.65 
Carro 2,53.74 
Carro 3,49.06 
Carro 4,48.89 
Carro 5,56.01 
Carro 1,56.65 
Carro 2,53.74 
Carro 3,49.06 
Carro 4,48.89 
Carro 5,56.01 
Carro 1,56.65 
Carro 2,53.74 
Carro 3,49.06 
Carro 1,56.65 
Carro 2,53.74 
Carro 3,49.06 
Carro 1,56.65 
Carro 2,53.74 
Carro 3,49.06 
Carro 4,48.89 
Carro 5,56.01 
Carro 6,51.12 
Carro 1,56.65 
Carro 2,53.74 
Carro 3,49.06 
Carro 1,56.65 
Carro 2,53.74 
Carro 3,49.06 
Carro 1,56.65 
Carro 2,53.74 
Carro 3,49.06 
Carro 1,56.65 
Carro 2,53.74 
Carro 3,49.06 
Carro 4,48.89 
Carro 5,56.01 
Carro 6,51.12 
Carro 1,56.65 
Carro 2,53.74 
Carro 1,56.65 
Carro 2,53.74 
Carro 3,49.06 
Carro 4,48.89 
Carro 1,56.65 
Carro 2,53.74 
Carro 3,49.06 
Carro 1,56.65 
Carro 2,53.74 
Carro 3,49.06 
Carro 1,56.65 
Carro 2,53.74 
Carro 3,49.06 
Carro 1,56.65 
Carro 2,53.74 
Carro 3,49.06 
Carro 1,56.65 
Carro 2,53.74 
Carro 1,56.65 
Carro 2,53.74 
Carro 1,56.65 
Carro 2,53.74 
Carro 1,56.65 
Carro 2,53.74 
Carro 3,49.06 
Carro 4,48.89 
Carro 1,56.65 
Carro 2,53.74 
Carro 3,49.06 
Carro 1,56.65 
Carro 2,53.74 
Carro 3,49.06 
Carro 4,48.89 
Carro 5,56.01 
Carro 1,56.65 
Carro 1,56.65 
Carro 2,53.74 
Carro 3,49.06 
Carro 4,48.89 
Carro 5,56.01 
Carro 1,56.65 
Carro 2,53.74 
Carro 3,49.06 
Carro 1,56.65 
Carro 2,53.74 
Carro 1,56.65 
Carro 2,53.74 
Carro 1,56.65 
Carro 2,53.74 
Carro 3,49.06 
Carro 1,56.65 
Carro 2,53.74 
Carro 3,49.06 
Carro 1,56.65 
Carro 2,53.74 
Carro 3,49.06 
Carro 1,56.65 
Carro 2,53.74 
Carro 3,49.06 
Carro 1,56.65 
Carro 1,56.65 
Carro 1,56.65 
Carro 2,53.74 
Carro 3,49.06 
Carro 1,56.65 
Carro 2,53.74 
Carro 1,56.65 
Carro 2,53.74 
Carro 3,49.06 
Carro 1,56.65 
Carro 1,56.65 
Carro 2,53.74 
Carro 3,49.06 
Carro 4,48.89 
Carro 5,56.01 
Carro 6,51.12 
Carro 7,52.86 
Carro 1,56.65 
Carro 2,53.74 
Carro 3,49.06 
Carro 4,48.89 
Carro 5,56.01 
Carro 6,51.12 
Carro 7,52.86 
Carro 8,54.23 
Carro 9,52.39 
Carro 10,54.76 
Carro 1,56.65 
Carro 2,53.74 
Carro 3,49.06 
Carro 4,48.89 
Carro 5,56.01 
Carro 1,56.65 
Carro 2,53.74 
Carro 1,56.65 
Carro 2,53.74 
Carro 1,56.65 
Carro 2,53.74 
Carro 3,49.06 
Carro 1,56.65 
Carro 2,53.74 
Carro 3,49.06 
Carro 1,56.65 
Carro 2,53.74 
Carro 3,49.06 
Carro 1,56.65 
Carro 2,53.74 
Carro 3,49.06 
Carro 4,48.89 
Carro 1,56.65 
Carro 2,53.74 
Carro 3,49.06 
Carro 1,56.65 
Carro 2,53.74 
Carro 3,49.06 
Carro 4,48.89 
Carro 5,56.01 
Carro 1,56.65 
Carro 2,53.74 
Carro 3,49.06 
Carro 4,48.89 
Carro 5,56.01 
Carro 6,51.12 
Carro 7,52.86 
Carro 8,54.23 
Carro 9,52.39 
Carro 10,54.76 
Carro 11,16.69 
Carro 12,22.13 
Carro 13,27.55 
Carro 14,31.31 
Carro 15,35.56 
Carro 16,48.86 
Carro 17,50.03 
Carro 18,51.53 
Carro 19,48.87 
Carro 20,46.56 
Carro 21,43.53 
Carro 22,56.6 
Carro 23,53.87 
Carro 24,51.47 
Carro 25,55.25 
Carro 26,56.96 
Carro 27,56.86 
Carro 28,19.82 
Carro 29,23.44 
Carro 30,31.19 
Carro 31,34.92 
Carro 32,35.29 
Carro 33,36.7 
Carro 34,42.86 
Carro 35,46.37 
Carro 36,47.7 
Carro 37,47.98 
Carro 38,47.74 
Carro 39,50.88 
Carro 40,49.79 
Carro 41,53.69 
Carro 1,56.65 
Carro 2,53.74 
Carro 1,56.65 
Carro 2,53.74 
Carro 3,49.06 
Carro 1,56.65 
Carro 2,53.74 
Carro 1,56.65 
Carro 2,53.74 
Carro 3,49.06 
Carro 1,56.65 
Carro 2,53.74 
Carro 3,49.06 
Carro 4,48.89 
Carro 5,56.01 
Carro 6,51.12 
Carro 7,52.86 
Carro 8,54.23 
Carro 9,52.39 
Carro 10,54.76 
Carro 11,16.69 
Carro 12,22.13 
Carro 13,27.55 
Carro 14,31.31 
Carro 15,35.56 
Carro 16,48.86 
Carro 17,50.03 
Carro 18,51.53 
Carro 19,48.87 
Carro 20,46.56 
Carro 21,43.53 
Carro 22,56.6 
Carro 23,53.87 
Carro 24,51.47 
Carro 25,55.25 
Carro 26,56.96 
Carro 27,56.86 
Carro 28,19.82 
Carro 29,23.44 
Carro 30,31.19 
Carro 31,34.92 
Carro 32,35.29 
Carro 33,36.7 
Carro 34,42.86 
Carro 35,46.37 
Carro 36,47.7 
Carro 37,47.98 
Carro 38,47.74 
Carro 39,50.88 
Carro 40,49.79 
Carro 41,53.69 
Carro 1,56.65 
Carro 2,53.74 
Carro 3,49.06 
Carro 4,48.89 
Carro 5,56.01 
Carro 6,51.12 
Carro 7,52.86 
Carro 1,56.65 
Carro 2,53.74 
Carro 3,49.06 
Carro 4,48.89 
Carro 5,56.01 
Carro 6,51.12 
Carro 7,52.86 
Carro 8,54.23 
Carro 9,52.39 
Carro 10,54.76 
Carro 11,16.69 
Carro 12,22.13 
Carro 13,27.55 
Carro 14,31.31 
Carro 15,35.56 
Carro 16,48.86 
Carro 17,50.03 
Carro 18,51.53 
Carro 19,48.87 
Carro 20,46.56 
Carro 21,43.53 
Carro 22,56.6 
Carro 23,53.87 
Carro 24,51.47 
Carro 25,55.25 
Carro 26,56.96 
Carro 27,56.86 
Carro 28,19.82 
Carro 29,23.44 
Carro 30,31.19 
Carro 31,34.92 
Carro 32,35.29 
Carro 33,36.7 
Carro 34,42.86 
Carro 35,46.37 
Carro 36,47.7 
Carro 37,47.98 
Carro 38,47.74 
Carro 39,50.88 
Carro 40,49.79 
Carro 41,53.69 
Carro 1,56.65 
Carro 2,53.74 
Carro 3,49.06 
Carro 4,48.89 
Carro 5,56.01 
Carro 6,51.12 
Carro 1,56.65 
Carro 2,53.74 
Carro 3,49.06 
Carro 4,48.89 
Carro 5,56.01 
Carro 1,56.65 
Carro 2,53.74 
Carro 3,49.06 
Carro 4,48.89 
Carro 1,56.65 
Carro 2,53.74 
Carro 3,49.06 
Carro 4,48.89 
Carro 5,56.01 
Carro 1,56.65 
Carro 2,53.74 
Carro 3,49.06 
Carro 4,48.89 
Carro 5,56.01 
Carro 6,51.12 
Carro 7,52.86 
Carro 8,54.23 
Carro 9,52.39 
Carro 10,54.76 
Carro 1,56.65 
Carro 2,53.74 
Carro 3,49.06 
Carro 4,48.89 
Carro 5,56.01 
Carro 1,56.65 
Carro 2,53.74 
Carro 3,49.06 
Carro 4,48.89 
Carro 5,56.01 
Carro 6,51.12 
Carro 7,52.86 
Carro 8,54.23 
Carro 9,52.39 
Carro 10,54.76 
Carro 1,56.65 
Carro 1,56.65 
Carro 2,53.74 
Carro 3,49.06 
Carro 4,48.89 
Carro 5,56.01 
Carro 6,51.12 
Carro 1,56.65 
Carro 2,53.74 
Carro 3,49.06 
Carro 4,48.89 
Carro 5,56.01 
Carro 6,51.12 
Carro 7,52.86 
Carro 8,54.23 
Carro 9,52.39 
Carro 10,54.76 
Carro 1,56.65 
Carro 2,53.74 
Carro 3,49.06 
Carro 4,48.89 
Carro 5,56.01 
Carro 6,51.12 
Carro 1,56.65 
Carro 2,53.74 
Carro 1,56.65 
Carro 2,53.74 
Carro 1,56.65 
Carro 2,53.74 
Carro 1,56.65 
Carro 2,53.74 
Carro 1,56.65 
Carro 2,53.74 
Carro 3,49.06 
Carro 4,48.89 
Carro 5,56.01 
Carro 6,51.12 
Carro 1,56.65 
Carro 2,53.74 
Carro 3,49.06 
Carro 1,56.65 
Carro 2,53.74 
Carro 3,49.06 
Carro 4,48.89 
Carro 5,56.01 
Carro 6,51.12 
Carro 1,56.65 
Carro 2,53.74 
Carro 3,49.06 
Carro 1,56.65 
Carro 2,53.74 
Carro 1,56.65 
Carro 2,53.74 
Carro 1,56.65 
Carro 2,53.74 
Carro 1,56.65 
Carro 2,53.74 
Carro 3,49.06 
Carro 4,48.89 
Carro 5,56.01 
Carro 6,51.12 
Carro 1,56.65 
Carro 2,53.74 
Carro 3,49.06 
Carro 4,48.89 
Carro 5,56.01 
Carro 6,51.12 
Carro 7,52.86 
Carro 8,54.23 
Carro 9,52.39 
Carro 10,54.76 
Carro 1,56.65 
Carro 2,53.74 
Carro 3,49.06 
Carro 4,48.89 
Carro 5,56.01 
Carro 6,51.12 
Carro 7,52.86 
Carro 8,54.23 
Carro 9,52.39 
Carro 10,54.76 
Carro 11,16.69 
Carro 12,22.13 
Carro 13,27.55 
Carro 14,31.31 
Carro 15,35.56 
Carro 16,48.86 
Carro 17,50.03 
Carro 18,51.53 
Carro 19,48.87 
Carro 20,46.56 
Carro 21,43.53 
Carro 22,56.6 
Carro 23,53.87 
Carro 24,51.47 
Carro 25,55.25 
Carro 26,56.96 
Carro 27,56.86 
Carro 28,19.82 
Carro 29,23.44 
Carro 30,31.19 
Carro 31,34.92 
Carro 32,35.29 
Carro 33,36.7 
Carro 34,42.86 
Carro 35,46.37 
Carro 36,47.7 
Carro 37,47.98 
Carro 38,47.74 
Carro 39,50.88 
Carro 40,49.79 
Carro 41,53.69 
Carro 1,45.83 
Carro 2,40.57 
Carro 3,46.9 
Carro 4,47.05 
Carro 5,43.57 
Carro 1,56.65 
Carro 2,53.74 
Carro 3,49.06 
Carro 4,48.89 
Carro 5,56.01 
Carro 6,51.12 
Carro 7,52.86 
Carro 8,54.23 
Carro 9,52.39 
Carro 10,54.76 
Carro 1,56.65 
Carro 2,53.74 
Carro 3,49.06 
Carro 4,48.89 
Carro 5,56.01 
Carro 6,51.12 
Carro 7,52.86 
Carro 8,54.23 
Carro 9,52.39 
Carro 10,54.76 
Carro 11,16.69 
Carro 12,22.13 
Carro 13,27.55 
Carro 14,31.31 
Carro 15,35.56 
Carro 16,48.86 
Carro 17,50.03 
Carro 18,51.53 
Carro 19,48.87 
Carro 20,46.56 
Carro 21,43.53 
Carro 22,56.6 
Carro 23,53.87 
Carro 24,51.47 
Carro 25,55.25 
Carro 26,56.96 
Carro 27,56.86 
Carro 1,56.65 
Carro 2,53.74 
Carro 1,56.65 
Carro 2,53.74 
Carro 3,49.06 
Carro 4,48.89 
Carro 5,56.01 
Carro 6,51.12 
Carro 7,52.86 
Carro 8,54.23 
Carro 1,56.65 
Carro 2,53.74 
Carro 3,49.06 
Carro 1,56.65 
Carro 2,53.74 
Carro 1,56.65 
Carro 2,53.74 
Carro 3,49.06 
Carro 4,48.89 
Carro 5,56.01 
Carro 6,51.12 
Carro 1,56.65 
Carro 2,53.74 
Carro 1,56.65 
Carro 2,53.74 
Carro 3,49.06 
Carro 4,48.89 
Carro 5,56.01 
Carro 6,51.12 
Carro 1,56.65 
Carro 2,53.74 
Carro 3,49.06 
Carro 4,48.89 
Carro 5,56.01 
Carro 6,51.12 
Carro 7,52.86 
Carro 8,54.23 
Carro 9,52.39 
Carro 10,54.76 
Carro 1,56.65 
Carro 1,56.65 
Carro 2,53.74 
Carro 3,49.06 
Carro 4,48.89 
Carro 5,56.01 
Carro 6,51.12 
Carro 7,52.86 
Carro 8,54.23 
Carro 9,52.39 
Carro 10,54.76 
Carro 1,56.65 
Carro 2,53.74 
Carro 3,49.06 
Carro 4,48.89 
Carro 5,56.01 
Carro 6,51.12 
Carro 7,52.86 
Carro 8,54.23 
Carro 9,52.39 
Carro 10,54.76 
Carro 1,56.65 
Carro 2,53.74 
Carro 1,56.65 
Carro 2,53.74 
Carro 3,49.06 
Carro 4,48.89 
Carro 5,56.01 
Carro 1,56.65 
Carro 2,53.74 
Carro 3,49.06 
Carro 4,48.89 
Carro 5,56.01 
Carro 6,51.12 
Carro 1,56.65 
Carro 2,53.74 
Carro 3,49.06 
Carro 4,48.89 
Carro 5,56.01 
Carro 6,51.12 
Carro 1,56.65 
Carro 2,53.74 
Carro 3,49.06 
Carro 4,48.89 
Carro 5,56.01 
Carro 6,51.12 
Carro 7,52.86 
Carro 8,54.23 
Carro 9,52.39 
Carro 10,54.76 
Carro 1,56.65 
Carro 2,53.74 
Carro 3,49.06 
Carro 4,48.89 
Carro 5,56.01 
Carro 1,56.65 
Carro 2,53.74 
Carro 1,56.65 
Carro 2,53.74 
Carro 3,49.06 
Carro 4,48.89 
Carro 5,56.01 
Carro 6,51.12 
Carro 7,52.86 
Carro 1,56.65 
Carro 1,56.65 
Carro 2,53.74 
Carro 1,56.65 
Carro 2,53.74 
Carro 3,49.06 
Carro 4,48.89 
Carro 5,56.01 
Carro 6,51.12 
Carro 7,52.86 
Carro 8,54.23 
Carro 9,52.39 
Carro 10,54.76 
Carro 1,56.65 
Carro 2,53.74 
Carro 1,56.65 
Carro 2,53.74 
Carro 3,49.06 
Carro 4,48.89 
Carro 5,56.01 
Carro 6,51.12 
Carro 7,52.86 
Carro 1,56.65 
Carro 2,53.74 
Carro 1,56.65 
Carro 2,53.74 
Carro 1,56.65 
Carro 2,53.74 
Carro 3,49.06 
Carro 4,48.89 
Carro 5,56.01 
Carro 6,51.12 
Carro 7,52.86 
Carro 8,54.23 
Carro 9,52.39 
Carro 1,56.65 
Carro 2,53.74 
Carro 3,49.06 
Carro 4,48.89 
Carro 1,56.65 
Carro 2,53.74 
Carro 3,49.06 
Carro 4,48.89 
Carro 5,56.01 
Carro 6,51.12 
Carro 1,56.65 
Carro 2,53.74 
Carro 1,56.65 
Carro 2,53.74 
Carro 3,49.06 
Carro 4,48.89 
Carro 5,56.01 
Carro 6,51.12 
